Date,Year,Quarter,MonthNum,MonthName,YearMonth,MonthStart,WeekStart,Weekday,WeekdayNum,IsWeekend,IsHoliday,Season,IsMatureCohort,IsCompleteMonth
2025-09-01,2025,Q3,9,Sep,2025-09,2025-09-01,2025-09-01,Mon,1,0,1,Fall,1,1
2025-09-02,2025,Q3,9,Sep,2025-09,2025-09-01,2025-09-01,Tue,2,0,0,Fall,1,1
2025-09-03,2025,Q3,9,Sep,2025-09,2025-09-01,2025-09-01,Wed,3,0,0,Fall,1,1
2025-09-04,2025,Q3,9,Sep,2025-09,2025-09-01,2025-09-01,Thu,4,0,0,Fall,1,1
2025-09-05,2025,Q3,9,Sep,2025-09,2025-09-01,2025-09-01,Fri,5,0,0,Fall,1,1
2025-09-06,2025,Q3,9,Sep,2025-09,2025-09-01,2025-09-01,Sat,6,1,0,Fall,1,1
2025-09-07,2025,Q3,9,Sep,2025-09,2025-09-01,2025-09-01,Sun,7,1,0,Fall,1,1
2025-09-08,2025,Q3,9,Sep,2025-09,2025-09-01,2025-09-08,Mon,1,0,0,Fall,1,1
2025-09-09,2025,Q3,9,Sep,2025-09,2025-09-01,2025-09-08,Tue,2,0,0,Fall,1,1
2025-09-10,2025,Q3,9,Sep,2025-09,2025-09-01,2025-09-08,Wed,3,0,0,Fall,1,1
2025-09-11,2025,Q3,9,Sep,2025-09,2025-09-01,2025-09-08,Thu,4,0,0,Fall,1,1
2025-09-12,2025,Q3,9,Sep,2025-09,2025-09-01,2025-09-08,Fri,5,0,0,Fall,1,1
2025-09-13,2025,Q3,9,Sep,2025-09,2025-09-01,2025-09-08,Sat,6,1,0,Fall,1,1
2025-09-14,2025,Q3,9,Sep,2025-09,2025-09-01,2025-09-08,Sun,7,1,0,Fall,1,1
2025-09-15,2025,Q3,9,Sep,2025-09,2025-09-01,2025-09-15,Mon,1,0,0,Fall,1,1
2025-09-16,2025,Q3,9,Sep,2025-09,2025-09-01,2025-09-15,Tue,2,0,0,Fall,1,1
2025-09-17,2025,Q3,9,Sep,2025-09,2025-09-01,2025-09-15,Wed,3,0,0,Fall,1,1
2025-09-18,2025,Q3,9,Sep,2025-09,2025-09-01,2025-09-15,Thu,4,0,0,Fall,1,1
2025-09-19,2025,Q3,9,Sep,2025-09,2025-09-01,2025-09-15,Fri,5,0,0,Fall,1,1
2025-09-20,2025,Q3,9,Sep,2025-09,2025-09-01,2025-09-15,Sat,6,1,0,Fall,1,1
2025-09-21,2025,Q3,9,Sep,2025-09,2025-09-01,2025-09-15,Sun,7,1,0,Fall,1,1
2025-09-22,2025,Q3,9,Sep,2025-09,2025-09-01,2025-09-22,Mon,1,0,0,Fall,1,1
2025-09-23,2025,Q3,9,Sep,2025-09,2025-09-01,2025-09-22,Tue,2,0,0,Fall,1,1
2025-09-24,2025,Q3,9,Sep,2025-09,2025-09-01,2025-09-22,Wed,3,0,0,Fall,1,1
2025-09-25,2025,Q3,9,Sep,2025-09,2025-09-01,2025-09-22,Thu,4,0,0,Fall,1,1
2025-09-26,2025,Q3,9,Sep,2025-09,2025-09-01,2025-09-22,Fri,5,0,0,Fall,1,1
2025-09-27,2025,Q3,9,Sep,2025-09,2025-09-01,2025-09-22,Sat,6,1,0,Fall,1,1
2025-09-28,2025,Q3,9,Sep,2025-09,2025-09-01,2025-09-22,Sun,7,1,0,Fall,1,1
2025-09-29,2025,Q3,9,Sep,2025-09,2025-09-01,2025-09-29,Mon,1,0,0,Fall,1,1
2025-09-30,2025,Q3,9,Sep,2025-09,2025-09-01,2025-09-29,Tue,2,0,0,Fall,1,1
2025-10-01,2025,Q4,10,Oct,2025-10,2025-10-01,2025-09-29,Wed,3,0,0,Fall,1,1
2025-10-02,2025,Q4,10,Oct,2025-10,2025-10-01,2025-09-29,Thu,4,0,0,Fall,1,1
2025-10-03,2025,Q4,10,Oct,2025-10,2025-10-01,2025-09-29,Fri,5,0,0,Fall,1,1
2025-10-04,2025,Q4,10,Oct,2025-10,2025-10-01,2025-09-29,Sat,6,1,0,Fall,1,1
2025-10-05,2025,Q4,10,Oct,2025-10,2025-10-01,2025-09-29,Sun,7,1,0,Fall,1,1
2025-10-06,2025,Q4,10,Oct,2025-10,2025-10-01,2025-10-06,Mon,1,0,0,Fall,1,1
2025-10-07,2025,Q4,10,Oct,2025-10,2025-10-01,2025-10-06,Tue,2,0,0,Fall,1,1
2025-10-08,2025,Q4,10,Oct,2025-10,2025-10-01,2025-10-06,Wed,3,0,0,Fall,1,1
2025-10-09,2025,Q4,10,Oct,2025-10,2025-10-01,2025-10-06,Thu,4,0,0,Fall,1,1
2025-10-10,2025,Q4,10,Oct,2025-10,2025-10-01,2025-10-06,Fri,5,0,0,Fall,1,1
2025-10-11,2025,Q4,10,Oct,2025-10,2025-10-01,2025-10-06,Sat,6,1,0,Fall,1,1
2025-10-12,2025,Q4,10,Oct,2025-10,2025-10-01,2025-10-06,Sun,7,1,0,Fall,1,1
2025-10-13,2025,Q4,10,Oct,2025-10,2025-10-01,2025-10-13,Mon,1,0,1,Fall,1,1
2025-10-14,2025,Q4,10,Oct,2025-10,2025-10-01,2025-10-13,Tue,2,0,0,Fall,1,1
2025-10-15,2025,Q4,10,Oct,2025-10,2025-10-01,2025-10-13,Wed,3,0,0,Fall,1,1
2025-10-16,2025,Q4,10,Oct,2025-10,2025-10-01,2025-10-13,Thu,4,0,0,Fall,1,1
2025-10-17,2025,Q4,10,Oct,2025-10,2025-10-01,2025-10-13,Fri,5,0,0,Fall,1,1
2025-10-18,2025,Q4,10,Oct,2025-10,2025-10-01,2025-10-13,Sat,6,1,0,Fall,1,1
2025-10-19,2025,Q4,10,Oct,2025-10,2025-10-01,2025-10-13,Sun,7,1,0,Fall,1,1
2025-10-20,2025,Q4,10,Oct,2025-10,2025-10-01,2025-10-20,Mon,1,0,0,Fall,1,1
2025-10-21,2025,Q4,10,Oct,2025-10,2025-10-01,2025-10-20,Tue,2,0,0,Fall,1,1
2025-10-22,2025,Q4,10,Oct,2025-10,2025-10-01,2025-10-20,Wed,3,0,0,Fall,1,1
2025-10-23,2025,Q4,10,Oct,2025-10,2025-10-01,2025-10-20,Thu,4,0,0,Fall,1,1
2025-10-24,2025,Q4,10,Oct,2025-10,2025-10-01,2025-10-20,Fri,5,0,0,Fall,1,1
2025-10-25,2025,Q4,10,Oct,2025-10,2025-10-01,2025-10-20,Sat,6,1,0,Fall,1,1
2025-10-26,2025,Q4,10,Oct,2025-10,2025-10-01,2025-10-20,Sun,7,1,0,Fall,1,1
2025-10-27,2025,Q4,10,Oct,2025-10,2025-10-01,2025-10-27,Mon,1,0,0,Fall,1,1
2025-10-28,2025,Q4,10,Oct,2025-10,2025-10-01,2025-10-27,Tue,2,0,0,Fall,1,1
2025-10-29,2025,Q4,10,Oct,2025-10,2025-10-01,2025-10-27,Wed,3,0,0,Fall,1,1
2025-10-30,2025,Q4,10,Oct,2025-10,2025-10-01,2025-10-27,Thu,4,0,0,Fall,1,1
2025-10-31,2025,Q4,10,Oct,2025-10,2025-10-01,2025-10-27,Fri,5,0,0,Fall,1,1
2025-11-01,2025,Q4,11,Nov,2025-11,2025-11-01,2025-10-27,Sat,6,1,0,Fall,1,1
2025-11-02,2025,Q4,11,Nov,2025-11,2025-11-01,2025-10-27,Sun,7,1,0,Fall,1,1
2025-11-03,2025,Q4,11,Nov,2025-11,2025-11-01,2025-11-03,Mon,1,0,0,Fall,1,1
2025-11-04,2025,Q4,11,Nov,2025-11,2025-11-01,2025-11-03,Tue,2,0,0,Fall,1,1
2025-11-05,2025,Q4,11,Nov,2025-11,2025-11-01,2025-11-03,Wed,3,0,0,Fall,1,1
2025-11-06,2025,Q4,11,Nov,2025-11,2025-11-01,2025-11-03,Thu,4,0,0,Fall,1,1
2025-11-07,2025,Q4,11,Nov,2025-11,2025-11-01,2025-11-03,Fri,5,0,0,Fall,1,1
2025-11-08,2025,Q4,11,Nov,2025-11,2025-11-01,2025-11-03,Sat,6,1,0,Fall,1,1
2025-11-09,2025,Q4,11,Nov,2025-11,2025-11-01,2025-11-03,Sun,7,1,0,Fall,1,1
2025-11-10,2025,Q4,11,Nov,2025-11,2025-11-01,2025-11-10,Mon,1,0,0,Fall,1,1
2025-11-11,2025,Q4,11,Nov,2025-11,2025-11-01,2025-11-10,Tue,2,0,1,Fall,1,1
2025-11-12,2025,Q4,11,Nov,2025-11,2025-11-01,2025-11-10,Wed,3,0,0,Fall,1,1
2025-11-13,2025,Q4,11,Nov,2025-11,2025-11-01,2025-11-10,Thu,4,0,0,Fall,1,1
2025-11-14,2025,Q4,11,Nov,2025-11,2025-11-01,2025-11-10,Fri,5,0,0,Fall,1,1
2025-11-15,2025,Q4,11,Nov,2025-11,2025-11-01,2025-11-10,Sat,6,1,0,Fall,1,1
2025-11-16,2025,Q4,11,Nov,2025-11,2025-11-01,2025-11-10,Sun,7,1,0,Fall,1,1
2025-11-17,2025,Q4,11,Nov,2025-11,2025-11-01,2025-11-17,Mon,1,0,0,Fall,1,1
2025-11-18,2025,Q4,11,Nov,2025-11,2025-11-01,2025-11-17,Tue,2,0,0,Fall,1,1
2025-11-19,2025,Q4,11,Nov,2025-11,2025-11-01,2025-11-17,Wed,3,0,0,Fall,1,1
2025-11-20,2025,Q4,11,Nov,2025-11,2025-11-01,2025-11-17,Thu,4,0,0,Fall,1,1
2025-11-21,2025,Q4,11,Nov,2025-11,2025-11-01,2025-11-17,Fri,5,0,0,Fall,1,1
2025-11-22,2025,Q4,11,Nov,2025-11,2025-11-01,2025-11-17,Sat,6,1,0,Fall,1,1
2025-11-23,2025,Q4,11,Nov,2025-11,2025-11-01,2025-11-17,Sun,7,1,0,Fall,1,1
2025-11-24,2025,Q4,11,Nov,2025-11,2025-11-01,2025-11-24,Mon,1,0,0,Fall,1,1
2025-11-25,2025,Q4,11,Nov,2025-11,2025-11-01,2025-11-24,Tue,2,0,0,Fall,1,1
2025-11-26,2025,Q4,11,Nov,2025-11,2025-11-01,2025-11-24,Wed,3,0,0,Fall,1,1
2025-11-27,2025,Q4,11,Nov,2025-11,2025-11-01,2025-11-24,Thu,4,0,1,Fall,1,1
2025-11-28,2025,Q4,11,Nov,2025-11,2025-11-01,2025-11-24,Fri,5,0,0,Fall,1,1
2025-11-29,2025,Q4,11,Nov,2025-11,2025-11-01,2025-11-24,Sat,6,1,0,Fall,1,1
2025-11-30,2025,Q4,11,Nov,2025-11,2025-11-01,2025-11-24,Sun,7,1,0,Fall,1,1
2025-12-01,2025,Q4,12,Dec,2025-12,2025-12-01,2025-12-01,Mon,1,0,0,Winter,1,1
2025-12-02,2025,Q4,12,Dec,2025-12,2025-12-01,2025-12-01,Tue,2,0,0,Winter,1,1
2025-12-03,2025,Q4,12,Dec,2025-12,2025-12-01,2025-12-01,Wed,3,0,0,Winter,1,1
2025-12-04,2025,Q4,12,Dec,2025-12,2025-12-01,2025-12-01,Thu,4,0,0,Winter,1,1
2025-12-05,2025,Q4,12,Dec,2025-12,2025-12-01,2025-12-01,Fri,5,0,0,Winter,1,1
2025-12-06,2025,Q4,12,Dec,2025-12,2025-12-01,2025-12-01,Sat,6,1,0,Winter,1,1
2025-12-07,2025,Q4,12,Dec,2025-12,2025-12-01,2025-12-01,Sun,7,1,0,Winter,1,1
2025-12-08,2025,Q4,12,Dec,2025-12,2025-12-01,2025-12-08,Mon,1,0,0,Winter,1,1
2025-12-09,2025,Q4,12,Dec,2025-12,2025-12-01,2025-12-08,Tue,2,0,0,Winter,1,1
2025-12-10,2025,Q4,12,Dec,2025-12,2025-12-01,2025-12-08,Wed,3,0,0,Winter,1,1
2025-12-11,2025,Q4,12,Dec,2025-12,2025-12-01,2025-12-08,Thu,4,0,0,Winter,1,1
2025-12-12,2025,Q4,12,Dec,2025-12,2025-12-01,2025-12-08,Fri,5,0,0,Winter,1,1
2025-12-13,2025,Q4,12,Dec,2025-12,2025-12-01,2025-12-08,Sat,6,1,0,Winter,1,1
2025-12-14,2025,Q4,12,Dec,2025-12,2025-12-01,2025-12-08,Sun,7,1,0,Winter,1,1
2025-12-15,2025,Q4,12,Dec,2025-12,2025-12-01,2025-12-15,Mon,1,0,0,Winter,1,1
2025-12-16,2025,Q4,12,Dec,2025-12,2025-12-01,2025-12-15,Tue,2,0,0,Winter,1,1
2025-12-17,2025,Q4,12,Dec,2025-12,2025-12-01,2025-12-15,Wed,3,0,0,Winter,1,1
2025-12-18,2025,Q4,12,Dec,2025-12,2025-12-01,2025-12-15,Thu,4,0,0,Winter,1,1
2025-12-19,2025,Q4,12,Dec,2025-12,2025-12-01,2025-12-15,Fri,5,0,0,Winter,1,1
2025-12-20,2025,Q4,12,Dec,2025-12,2025-12-01,2025-12-15,Sat,6,1,0,Winter,1,1
2025-12-21,2025,Q4,12,Dec,2025-12,2025-12-01,2025-12-15,Sun,7,1,0,Winter,1,1
2025-12-22,2025,Q4,12,Dec,2025-12,2025-12-01,2025-12-22,Mon,1,0,0,Winter,1,1
2025-12-23,2025,Q4,12,Dec,2025-12,2025-12-01,2025-12-22,Tue,2,0,0,Winter,1,1
2025-12-24,2025,Q4,12,Dec,2025-12,2025-12-01,2025-12-22,Wed,3,0,0,Winter,1,1
2025-12-25,2025,Q4,12,Dec,2025-12,2025-12-01,2025-12-22,Thu,4,0,1,Winter,1,1
2025-12-26,2025,Q4,12,Dec,2025-12,2025-12-01,2025-12-22,Fri,5,0,0,Winter,1,1
2025-12-27,2025,Q4,12,Dec,2025-12,2025-12-01,2025-12-22,Sat,6,1,0,Winter,1,1
2025-12-28,2025,Q4,12,Dec,2025-12,2025-12-01,2025-12-22,Sun,7,1,0,Winter,1,1
2025-12-29,2025,Q4,12,Dec,2025-12,2025-12-01,2025-12-29,Mon,1,0,0,Winter,1,1
2025-12-30,2025,Q4,12,Dec,2025-12,2025-12-01,2025-12-29,Tue,2,0,0,Winter,1,1
2025-12-31,2025,Q4,12,Dec,2025-12,2025-12-01,2025-12-29,Wed,3,0,0,Winter,1,1
2026-01-01,2026,Q1,1,Jan,2026-01,2026-01-01,2025-12-29,Thu,4,0,1,Winter,1,1
2026-01-02,2026,Q1,1,Jan,2026-01,2026-01-01,2025-12-29,Fri,5,0,0,Winter,1,1
2026-01-03,2026,Q1,1,Jan,2026-01,2026-01-01,2025-12-29,Sat,6,1,0,Winter,1,1
2026-01-04,2026,Q1,1,Jan,2026-01,2026-01-01,2025-12-29,Sun,7,1,0,Winter,1,1
2026-01-05,2026,Q1,1,Jan,2026-01,2026-01-01,2026-01-05,Mon,1,0,0,Winter,1,1
2026-01-06,2026,Q1,1,Jan,2026-01,2026-01-01,2026-01-05,Tue,2,0,0,Winter,1,1
2026-01-07,2026,Q1,1,Jan,2026-01,2026-01-01,2026-01-05,Wed,3,0,0,Winter,1,1
2026-01-08,2026,Q1,1,Jan,2026-01,2026-01-01,2026-01-05,Thu,4,0,0,Winter,1,1
2026-01-09,2026,Q1,1,Jan,2026-01,2026-01-01,2026-01-05,Fri,5,0,0,Winter,1,1
2026-01-10,2026,Q1,1,Jan,2026-01,2026-01-01,2026-01-05,Sat,6,1,0,Winter,1,1
2026-01-11,2026,Q1,1,Jan,2026-01,2026-01-01,2026-01-05,Sun,7,1,0,Winter,1,1
2026-01-12,2026,Q1,1,Jan,2026-01,2026-01-01,2026-01-12,Mon,1,0,0,Winter,1,1
2026-01-13,2026,Q1,1,Jan,2026-01,2026-01-01,2026-01-12,Tue,2,0,0,Winter,1,1
2026-01-14,2026,Q1,1,Jan,2026-01,2026-01-01,2026-01-12,Wed,3,0,0,Winter,1,1
2026-01-15,2026,Q1,1,Jan,2026-01,2026-01-01,2026-01-12,Thu,4,0,0,Winter,1,1
2026-01-16,2026,Q1,1,Jan,2026-01,2026-01-01,2026-01-12,Fri,5,0,0,Winter,1,1
2026-01-17,2026,Q1,1,Jan,2026-01,2026-01-01,2026-01-12,Sat,6,1,0,Winter,1,1
2026-01-18,2026,Q1,1,Jan,2026-01,2026-01-01,2026-01-12,Sun,7,1,0,Winter,1,1
2026-01-19,2026,Q1,1,Jan,2026-01,2026-01-01,2026-01-19,Mon,1,0,1,Winter,1,1
2026-01-20,2026,Q1,1,Jan,2026-01,2026-01-01,2026-01-19,Tue,2,0,0,Winter,1,1
2026-01-21,2026,Q1,1,Jan,2026-01,2026-01-01,2026-01-19,Wed,3,0,0,Winter,1,1
2026-01-22,2026,Q1,1,Jan,2026-01,2026-01-01,2026-01-19,Thu,4,0,0,Winter,1,1
2026-01-23,2026,Q1,1,Jan,2026-01,2026-01-01,2026-01-19,Fri,5,0,0,Winter,1,1
2026-01-24,2026,Q1,1,Jan,2026-01,2026-01-01,2026-01-19,Sat,6,1,0,Winter,1,1
2026-01-25,2026,Q1,1,Jan,2026-01,2026-01-01,2026-01-19,Sun,7,1,0,Winter,1,1
2026-01-26,2026,Q1,1,Jan,2026-01,2026-01-01,2026-01-26,Mon,1,0,0,Winter,1,1
2026-01-27,2026,Q1,1,Jan,2026-01,2026-01-01,2026-01-26,Tue,2,0,0,Winter,1,1
2026-01-28,2026,Q1,1,Jan,2026-01,2026-01-01,2026-01-26,Wed,3,0,0,Winter,1,1
2026-01-29,2026,Q1,1,Jan,2026-01,2026-01-01,2026-01-26,Thu,4,0,0,Winter,1,1
2026-01-30,2026,Q1,1,Jan,2026-01,2026-01-01,2026-01-26,Fri,5,0,0,Winter,1,1
2026-01-31,2026,Q1,1,Jan,2026-01,2026-01-01,2026-01-26,Sat,6,1,0,Winter,1,1
2026-02-01,2026,Q1,2,Feb,2026-02,2026-02-01,2026-01-26,Sun,7,1,0,Winter,1,1
2026-02-02,2026,Q1,2,Feb,2026-02,2026-02-01,2026-02-02,Mon,1,0,0,Winter,1,1
2026-02-03,2026,Q1,2,Feb,2026-02,2026-02-01,2026-02-02,Tue,2,0,0,Winter,1,1
2026-02-04,2026,Q1,2,Feb,2026-02,2026-02-01,2026-02-02,Wed,3,0,0,Winter,1,1
2026-02-05,2026,Q1,2,Feb,2026-02,2026-02-01,2026-02-02,Thu,4,0,0,Winter,1,1
2026-02-06,2026,Q1,2,Feb,2026-02,2026-02-01,2026-02-02,Fri,5,0,0,Winter,1,1
2026-02-07,2026,Q1,2,Feb,2026-02,2026-02-01,2026-02-02,Sat,6,1,0,Winter,1,1
2026-02-08,2026,Q1,2,Feb,2026-02,2026-02-01,2026-02-02,Sun,7,1,0,Winter,1,1
2026-02-09,2026,Q1,2,Feb,2026-02,2026-02-01,2026-02-09,Mon,1,0,0,Winter,1,1
2026-02-10,2026,Q1,2,Feb,2026-02,2026-02-01,2026-02-09,Tue,2,0,0,Winter,1,1
2026-02-11,2026,Q1,2,Feb,2026-02,2026-02-01,2026-02-09,Wed,3,0,0,Winter,1,1
2026-02-12,2026,Q1,2,Feb,2026-02,2026-02-01,2026-02-09,Thu,4,0,0,Winter,1,1
2026-02-13,2026,Q1,2,Feb,2026-02,2026-02-01,2026-02-09,Fri,5,0,0,Winter,1,1
2026-02-14,2026,Q1,2,Feb,2026-02,2026-02-01,2026-02-09,Sat,6,1,0,Winter,1,1
2026-02-15,2026,Q1,2,Feb,2026-02,2026-02-01,2026-02-09,Sun,7,1,0,Winter,1,1
2026-02-16,2026,Q1,2,Feb,2026-02,2026-02-01,2026-02-16,Mon,1,0,1,Winter,1,1
2026-02-17,2026,Q1,2,Feb,2026-02,2026-02-01,2026-02-16,Tue,2,0,0,Winter,1,1
2026-02-18,2026,Q1,2,Feb,2026-02,2026-02-01,2026-02-16,Wed,3,0,0,Winter,1,1
2026-02-19,2026,Q1,2,Feb,2026-02,2026-02-01,2026-02-16,Thu,4,0,0,Winter,1,1
2026-02-20,2026,Q1,2,Feb,2026-02,2026-02-01,2026-02-16,Fri,5,0,0,Winter,1,1
2026-02-21,2026,Q1,2,Feb,2026-02,2026-02-01,2026-02-16,Sat,6,1,0,Winter,1,1
2026-02-22,2026,Q1,2,Feb,2026-02,2026-02-01,2026-02-16,Sun,7,1,0,Winter,1,1
2026-02-23,2026,Q1,2,Feb,2026-02,2026-02-01,2026-02-23,Mon,1,0,0,Winter,1,1
2026-02-24,2026,Q1,2,Feb,2026-02,2026-02-01,2026-02-23,Tue,2,0,0,Winter,1,1
2026-02-25,2026,Q1,2,Feb,2026-02,2026-02-01,2026-02-23,Wed,3,0,0,Winter,1,1
2026-02-26,2026,Q1,2,Feb,2026-02,2026-02-01,2026-02-23,Thu,4,0,0,Winter,1,1
2026-02-27,2026,Q1,2,Feb,2026-02,2026-02-01,2026-02-23,Fri,5,0,0,Winter,1,1
2026-02-28,2026,Q1,2,Feb,2026-02,2026-02-01,2026-02-23,Sat,6,1,0,Winter,1,1
2026-03-01,2026,Q1,3,Mar,2026-03,2026-03-01,2026-02-23,Sun,7,1,0,Spring,1,1
2026-03-02,2026,Q1,3,Mar,2026-03,2026-03-01,2026-03-02,Mon,1,0,0,Spring,1,1
2026-03-03,2026,Q1,3,Mar,2026-03,2026-03-01,2026-03-02,Tue,2,0,0,Spring,1,1
2026-03-04,2026,Q1,3,Mar,2026-03,2026-03-01,2026-03-02,Wed,3,0,0,Spring,1,1
2026-03-05,2026,Q1,3,Mar,2026-03,2026-03-01,2026-03-02,Thu,4,0,0,Spring,1,1
2026-03-06,2026,Q1,3,Mar,2026-03,2026-03-01,2026-03-02,Fri,5,0,0,Spring,1,1
2026-03-07,2026,Q1,3,Mar,2026-03,2026-03-01,2026-03-02,Sat,6,1,0,Spring,1,1
2026-03-08,2026,Q1,3,Mar,2026-03,2026-03-01,2026-03-02,Sun,7,1,0,Spring,1,1
2026-03-09,2026,Q1,3,Mar,2026-03,2026-03-01,2026-03-09,Mon,1,0,0,Spring,1,1
2026-03-10,2026,Q1,3,Mar,2026-03,2026-03-01,2026-03-09,Tue,2,0,0,Spring,1,1
2026-03-11,2026,Q1,3,Mar,2026-03,2026-03-01,2026-03-09,Wed,3,0,0,Spring,1,1
2026-03-12,2026,Q1,3,Mar,2026-03,2026-03-01,2026-03-09,Thu,4,0,0,Spring,1,1
2026-03-13,2026,Q1,3,Mar,2026-03,2026-03-01,2026-03-09,Fri,5,0,0,Spring,1,1
2026-03-14,2026,Q1,3,Mar,2026-03,2026-03-01,2026-03-09,Sat,6,1,0,Spring,1,1
2026-03-15,2026,Q1,3,Mar,2026-03,2026-03-01,2026-03-09,Sun,7,1,0,Spring,1,1
2026-03-16,2026,Q1,3,Mar,2026-03,2026-03-01,2026-03-16,Mon,1,0,0,Spring,1,1
2026-03-17,2026,Q1,3,Mar,2026-03,2026-03-01,2026-03-16,Tue,2,0,0,Spring,1,1
2026-03-18,2026,Q1,3,Mar,2026-03,2026-03-01,2026-03-16,Wed,3,0,0,Spring,1,1
2026-03-19,2026,Q1,3,Mar,2026-03,2026-03-01,2026-03-16,Thu,4,0,0,Spring,1,1
2026-03-20,2026,Q1,3,Mar,2026-03,2026-03-01,2026-03-16,Fri,5,0,0,Spring,1,1
2026-03-21,2026,Q1,3,Mar,2026-03,2026-03-01,2026-03-16,Sat,6,1,0,Spring,1,1
2026-03-22,2026,Q1,3,Mar,2026-03,2026-03-01,2026-03-16,Sun,7,1,0,Spring,1,1
2026-03-23,2026,Q1,3,Mar,2026-03,2026-03-01,2026-03-23,Mon,1,0,0,Spring,1,1
2026-03-24,2026,Q1,3,Mar,2026-03,2026-03-01,2026-03-23,Tue,2,0,0,Spring,1,1
2026-03-25,2026,Q1,3,Mar,2026-03,2026-03-01,2026-03-23,Wed,3,0,0,Spring,1,1
2026-03-26,2026,Q1,3,Mar,2026-03,2026-03-01,2026-03-23,Thu,4,0,0,Spring,1,1
2026-03-27,2026,Q1,3,Mar,2026-03,2026-03-01,2026-03-23,Fri,5,0,0,Spring,1,1
2026-03-28,2026,Q1,3,Mar,2026-03,2026-03-01,2026-03-23,Sat,6,1,0,Spring,1,1
2026-03-29,2026,Q1,3,Mar,2026-03,2026-03-01,2026-03-23,Sun,7,1,0,Spring,1,1
2026-03-30,2026,Q1,3,Mar,2026-03,2026-03-01,2026-03-30,Mon,1,0,0,Spring,1,1
2026-03-31,2026,Q1,3,Mar,2026-03,2026-03-01,2026-03-30,Tue,2,0,0,Spring,1,1
2026-04-01,2026,Q2,4,Apr,2026-04,2026-04-01,2026-03-30,Wed,3,0,0,Spring,1,1
2026-04-02,2026,Q2,4,Apr,2026-04,2026-04-01,2026-03-30,Thu,4,0,0,Spring,1,1
2026-04-03,2026,Q2,4,Apr,2026-04,2026-04-01,2026-03-30,Fri,5,0,0,Spring,1,1
2026-04-04,2026,Q2,4,Apr,2026-04,2026-04-01,2026-03-30,Sat,6,1,0,Spring,1,1
2026-04-05,2026,Q2,4,Apr,2026-04,2026-04-01,2026-03-30,Sun,7,1,0,Spring,1,1
2026-04-06,2026,Q2,4,Apr,2026-04,2026-04-01,2026-04-06,Mon,1,0,0,Spring,1,1
2026-04-07,2026,Q2,4,Apr,2026-04,2026-04-01,2026-04-06,Tue,2,0,0,Spring,1,1
2026-04-08,2026,Q2,4,Apr,2026-04,2026-04-01,2026-04-06,Wed,3,0,0,Spring,1,1
2026-04-09,2026,Q2,4,Apr,2026-04,2026-04-01,2026-04-06,Thu,4,0,0,Spring,1,1
2026-04-10,2026,Q2,4,Apr,2026-04,2026-04-01,2026-04-06,Fri,5,0,0,Spring,1,1
2026-04-11,2026,Q2,4,Apr,2026-04,2026-04-01,2026-04-06,Sat,6,1,0,Spring,1,1
2026-04-12,2026,Q2,4,Apr,2026-04,2026-04-01,2026-04-06,Sun,7,1,0,Spring,1,1
2026-04-13,2026,Q2,4,Apr,2026-04,2026-04-01,2026-04-13,Mon,1,0,0,Spring,1,1
2026-04-14,2026,Q2,4,Apr,2026-04,2026-04-01,2026-04-13,Tue,2,0,0,Spring,1,1
2026-04-15,2026,Q2,4,Apr,2026-04,2026-04-01,2026-04-13,Wed,3,0,0,Spring,1,1
2026-04-16,2026,Q2,4,Apr,2026-04,2026-04-01,2026-04-13,Thu,4,0,0,Spring,1,1
2026-04-17,2026,Q2,4,Apr,2026-04,2026-04-01,2026-04-13,Fri,5,0,0,Spring,1,1
2026-04-18,2026,Q2,4,Apr,2026-04,2026-04-01,2026-04-13,Sat,6,1,0,Spring,1,1
2026-04-19,2026,Q2,4,Apr,2026-04,2026-04-01,2026-04-13,Sun,7,1,0,Spring,1,1
2026-04-20,2026,Q2,4,Apr,2026-04,2026-04-01,2026-04-20,Mon,1,0,0,Spring,1,1
2026-04-21,2026,Q2,4,Apr,2026-04,2026-04-01,2026-04-20,Tue,2,0,0,Spring,1,1
2026-04-22,2026,Q2,4,Apr,2026-04,2026-04-01,2026-04-20,Wed,3,0,0,Spring,1,1
2026-04-23,2026,Q2,4,Apr,2026-04,2026-04-01,2026-04-20,Thu,4,0,0,Spring,1,1
2026-04-24,2026,Q2,4,Apr,2026-04,2026-04-01,2026-04-20,Fri,5,0,0,Spring,1,1
2026-04-25,2026,Q2,4,Apr,2026-04,2026-04-01,2026-04-20,Sat,6,1,0,Spring,1,1
2026-04-26,2026,Q2,4,Apr,2026-04,2026-04-01,2026-04-20,Sun,7,1,0,Spring,1,1
2026-04-27,2026,Q2,4,Apr,2026-04,2026-04-01,2026-04-27,Mon,1,0,0,Spring,1,1
2026-04-28,2026,Q2,4,Apr,2026-04,2026-04-01,2026-04-27,Tue,2,0,0,Spring,1,1
2026-04-29,2026,Q2,4,Apr,2026-04,2026-04-01,2026-04-27,Wed,3,0,0,Spring,1,1
2026-04-30,2026,Q2,4,Apr,2026-04,2026-04-01,2026-04-27,Thu,4,0,0,Spring,1,1
2026-05-01,2026,Q2,5,May,2026-05,2026-05-01,2026-04-27,Fri,5,0,0,Spring,1,1
2026-05-02,2026,Q2,5,May,2026-05,2026-05-01,2026-04-27,Sat,6,1,0,Spring,1,1
2026-05-03,2026,Q2,5,May,2026-05,2026-05-01,2026-04-27,Sun,7,1,0,Spring,1,1
2026-05-04,2026,Q2,5,May,2026-05,2026-05-01,2026-05-04,Mon,1,0,0,Spring,1,1
2026-05-05,2026,Q2,5,May,2026-05,2026-05-01,2026-05-04,Tue,2,0,0,Spring,1,1
2026-05-06,2026,Q2,5,May,2026-05,2026-05-01,2026-05-04,Wed,3,0,0,Spring,1,1
2026-05-07,2026,Q2,5,May,2026-05,2026-05-01,2026-05-04,Thu,4,0,0,Spring,1,1
2026-05-08,2026,Q2,5,May,2026-05,2026-05-01,2026-05-04,Fri,5,0,0,Spring,1,1
2026-05-09,2026,Q2,5,May,2026-05,2026-05-01,2026-05-04,Sat,6,1,0,Spring,1,1
2026-05-10,2026,Q2,5,May,2026-05,2026-05-01,2026-05-04,Sun,7,1,0,Spring,1,1
2026-05-11,2026,Q2,5,May,2026-05,2026-05-01,2026-05-11,Mon,1,0,0,Spring,1,1
2026-05-12,2026,Q2,5,May,2026-05,2026-05-01,2026-05-11,Tue,2,0,0,Spring,1,1
2026-05-13,2026,Q2,5,May,2026-05,2026-05-01,2026-05-11,Wed,3,0,0,Spring,1,1
2026-05-14,2026,Q2,5,May,2026-05,2026-05-01,2026-05-11,Thu,4,0,0,Spring,1,1
2026-05-15,2026,Q2,5,May,2026-05,2026-05-01,2026-05-11,Fri,5,0,0,Spring,1,1
2026-05-16,2026,Q2,5,May,2026-05,2026-05-01,2026-05-11,Sat,6,1,0,Spring,1,1
2026-05-17,2026,Q2,5,May,2026-05,2026-05-01,2026-05-11,Sun,7,1,0,Spring,1,1
2026-05-18,2026,Q2,5,May,2026-05,2026-05-01,2026-05-18,Mon,1,0,0,Spring,1,1
2026-05-19,2026,Q2,5,May,2026-05,2026-05-01,2026-05-18,Tue,2,0,0,Spring,1,1
2026-05-20,2026,Q2,5,May,2026-05,2026-05-01,2026-05-18,Wed,3,0,0,Spring,1,1
2026-05-21,2026,Q2,5,May,2026-05,2026-05-01,2026-05-18,Thu,4,0,0,Spring,1,1
2026-05-22,2026,Q2,5,May,2026-05,2026-05-01,2026-05-18,Fri,5,0,0,Spring,1,1
2026-05-23,2026,Q2,5,May,2026-05,2026-05-01,2026-05-18,Sat,6,1,0,Spring,1,1
2026-05-24,2026,Q2,5,May,2026-05,2026-05-01,2026-05-18,Sun,7,1,0,Spring,1,1
2026-05-25,2026,Q2,5,May,2026-05,2026-05-01,2026-05-25,Mon,1,0,1,Spring,1,1
2026-05-26,2026,Q2,5,May,2026-05,2026-05-01,2026-05-25,Tue,2,0,0,Spring,1,1
2026-05-27,2026,Q2,5,May,2026-05,2026-05-01,2026-05-25,Wed,3,0,0,Spring,1,1
2026-05-28,2026,Q2,5,May,2026-05,2026-05-01,2026-05-25,Thu,4,0,0,Spring,1,1
2026-05-29,2026,Q2,5,May,2026-05,2026-05-01,2026-05-25,Fri,5,0,0,Spring,1,1
2026-05-30,2026,Q2,5,May,2026-05,2026-05-01,2026-05-25,Sat,6,1,0,Spring,1,1
2026-05-31,2026,Q2,5,May,2026-05,2026-05-01,2026-05-25,Sun,7,1,0,Spring,1,1
2026-06-01,2026,Q2,6,Jun,2026-06,2026-06-01,2026-06-01,Mon,1,0,0,Summer,1,1
2026-06-02,2026,Q2,6,Jun,2026-06,2026-06-01,2026-06-01,Tue,2,0,0,Summer,1,1
2026-06-03,2026,Q2,6,Jun,2026-06,2026-06-01,2026-06-01,Wed,3,0,0,Summer,1,1
2026-06-04,2026,Q2,6,Jun,2026-06,2026-06-01,2026-06-01,Thu,4,0,0,Summer,1,1
2026-06-05,2026,Q2,6,Jun,2026-06,2026-06-01,2026-06-01,Fri,5,0,0,Summer,1,1
2026-06-06,2026,Q2,6,Jun,2026-06,2026-06-01,2026-06-01,Sat,6,1,0,Summer,1,1
2026-06-07,2026,Q2,6,Jun,2026-06,2026-06-01,2026-06-01,Sun,7,1,0,Summer,1,1
2026-06-08,2026,Q2,6,Jun,2026-06,2026-06-01,2026-06-08,Mon,1,0,0,Summer,1,1
2026-06-09,2026,Q2,6,Jun,2026-06,2026-06-01,2026-06-08,Tue,2,0,0,Summer,1,1
2026-06-10,2026,Q2,6,Jun,2026-06,2026-06-01,2026-06-08,Wed,3,0,0,Summer,1,1
2026-06-11,2026,Q2,6,Jun,2026-06,2026-06-01,2026-06-08,Thu,4,0,0,Summer,1,1
2026-06-12,2026,Q2,6,Jun,2026-06,2026-06-01,2026-06-08,Fri,5,0,0,Summer,1,1
2026-06-13,2026,Q2,6,Jun,2026-06,2026-06-01,2026-06-08,Sat,6,1,0,Summer,1,1
2026-06-14,2026,Q2,6,Jun,2026-06,2026-06-01,2026-06-08,Sun,7,1,0,Summer,1,1
2026-06-15,2026,Q2,6,Jun,2026-06,2026-06-01,2026-06-15,Mon,1,0,0,Summer,1,1
2026-06-16,2026,Q2,6,Jun,2026-06,2026-06-01,2026-06-15,Tue,2,0,0,Summer,1,1
2026-06-17,2026,Q2,6,Jun,2026-06,2026-06-01,2026-06-15,Wed,3,0,0,Summer,1,1
2026-06-18,2026,Q2,6,Jun,2026-06,2026-06-01,2026-06-15,Thu,4,0,0,Summer,1,1
2026-06-19,2026,Q2,6,Jun,2026-06,2026-06-01,2026-06-15,Fri,5,0,1,Summer,1,1
2026-06-20,2026,Q2,6,Jun,2026-06,2026-06-01,2026-06-15,Sat,6,1,0,Summer,1,1
2026-06-21,2026,Q2,6,Jun,2026-06,2026-06-01,2026-06-15,Sun,7,1,0,Summer,1,1
2026-06-22,2026,Q2,6,Jun,2026-06,2026-06-01,2026-06-22,Mon,1,0,0,Summer,1,1
2026-06-23,2026,Q2,6,Jun,2026-06,2026-06-01,2026-06-22,Tue,2,0,0,Summer,1,1
2026-06-24,2026,Q2,6,Jun,2026-06,2026-06-01,2026-06-22,Wed,3,0,0,Summer,1,1
2026-06-25,2026,Q2,6,Jun,2026-06,2026-06-01,2026-06-22,Thu,4,0,0,Summer,1,1
2026-06-26,2026,Q2,6,Jun,2026-06,2026-06-01,2026-06-22,Fri,5,0,0,Summer,1,1
2026-06-27,2026,Q2,6,Jun,2026-06,2026-06-01,2026-06-22,Sat,6,1,0,Summer,1,1
2026-06-28,2026,Q2,6,Jun,2026-06,2026-06-01,2026-06-22,Sun,7,1,0,Summer,1,1
2026-06-29,2026,Q2,6,Jun,2026-06,2026-06-01,2026-06-29,Mon,1,0,0,Summer,1,1
2026-06-30,2026,Q2,6,Jun,2026-06,2026-06-01,2026-06-29,Tue,2,0,0,Summer,1,1
2026-07-01,2026,Q3,7,Jul,2026-07,2026-07-01,2026-06-29,Wed,3,0,0,Summer,1,1
2026-07-02,2026,Q3,7,Jul,2026-07,2026-07-01,2026-06-29,Thu,4,0,0,Summer,1,1
2026-07-03,2026,Q3,7,Jul,2026-07,2026-07-01,2026-06-29,Fri,5,0,1,Summer,1,1
2026-07-04,2026,Q3,7,Jul,2026-07,2026-07-01,2026-06-29,Sat,6,1,0,Summer,1,1
2026-07-05,2026,Q3,7,Jul,2026-07,2026-07-01,2026-06-29,Sun,7,1,0,Summer,1,1
2026-07-06,2026,Q3,7,Jul,2026-07,2026-07-01,2026-07-06,Mon,1,0,0,Summer,1,1
2026-07-07,2026,Q3,7,Jul,2026-07,2026-07-01,2026-07-06,Tue,2,0,0,Summer,1,1
2026-07-08,2026,Q3,7,Jul,2026-07,2026-07-01,2026-07-06,Wed,3,0,0,Summer,1,1
2026-07-09,2026,Q3,7,Jul,2026-07,2026-07-01,2026-07-06,Thu,4,0,0,Summer,1,1
2026-07-10,2026,Q3,7,Jul,2026-07,2026-07-01,2026-07-06,Fri,5,0,0,Summer,1,1
2026-07-11,2026,Q3,7,Jul,2026-07,2026-07-01,2026-07-06,Sat,6,1,0,Summer,1,1
2026-07-12,2026,Q3,7,Jul,2026-07,2026-07-01,2026-07-06,Sun,7,1,0,Summer,1,1
2026-07-13,2026,Q3,7,Jul,2026-07,2026-07-01,2026-07-13,Mon,1,0,0,Summer,1,1
2026-07-14,2026,Q3,7,Jul,2026-07,2026-07-01,2026-07-13,Tue,2,0,0,Summer,1,1
2026-07-15,2026,Q3,7,Jul,2026-07,2026-07-01,2026-07-13,Wed,3,0,0,Summer,1,1
2026-07-16,2026,Q3,7,Jul,2026-07,2026-07-01,2026-07-13,Thu,4,0,0,Summer,1,1
2026-07-17,2026,Q3,7,Jul,2026-07,2026-07-01,2026-07-13,Fri,5,0,0,Summer,1,1
2026-07-18,2026,Q3,7,Jul,2026-07,2026-07-01,2026-07-13,Sat,6,1,0,Summer,1,1
2026-07-19,2026,Q3,7,Jul,2026-07,2026-07-01,2026-07-13,Sun,7,1,0,Summer,1,1
2026-07-20,2026,Q3,7,Jul,2026-07,2026-07-01,2026-07-20,Mon,1,0,0,Summer,1,1
2026-07-21,2026,Q3,7,Jul,2026-07,2026-07-01,2026-07-20,Tue,2,0,0,Summer,1,1
2026-07-22,2026,Q3,7,Jul,2026-07,2026-07-01,2026-07-20,Wed,3,0,0,Summer,1,1
2026-07-23,2026,Q3,7,Jul,2026-07,2026-07-01,2026-07-20,Thu,4,0,0,Summer,1,1
2026-07-24,2026,Q3,7,Jul,2026-07,2026-07-01,2026-07-20,Fri,5,0,0,Summer,1,1
2026-07-25,2026,Q3,7,Jul,2026-07,2026-07-01,2026-07-20,Sat,6,1,0,Summer,1,1
2026-07-26,2026,Q3,7,Jul,2026-07,2026-07-01,2026-07-20,Sun,7,1,0,Summer,1,1
2026-07-27,2026,Q3,7,Jul,2026-07,2026-07-01,2026-07-27,Mon,1,0,0,Summer,1,1
2026-07-28,2026,Q3,7,Jul,2026-07,2026-07-01,2026-07-27,Tue,2,0,0,Summer,1,1
2026-07-29,2026,Q3,7,Jul,2026-07,2026-07-01,2026-07-27,Wed,3,0,0,Summer,1,1
2026-07-30,2026,Q3,7,Jul,2026-07,2026-07-01,2026-07-27,Thu,4,0,0,Summer,1,1
2026-07-31,2026,Q3,7,Jul,2026-07,2026-07-01,2026-07-27,Fri,5,0,0,Summer,1,1
2026-08-01,2026,Q3,8,Aug,2026-08,2026-08-01,2026-07-27,Sat,6,1,0,Summer,1,1
2026-08-02,2026,Q3,8,Aug,2026-08,2026-08-01,2026-07-27,Sun,7,1,0,Summer,1,1
2026-08-03,2026,Q3,8,Aug,2026-08,2026-08-01,2026-08-03,Mon,1,0,0,Summer,1,1
2026-08-04,2026,Q3,8,Aug,2026-08,2026-08-01,2026-08-03,Tue,2,0,0,Summer,1,1
2026-08-05,2026,Q3,8,Aug,2026-08,2026-08-01,2026-08-03,Wed,3,0,0,Summer,1,1
2026-08-06,2026,Q3,8,Aug,2026-08,2026-08-01,2026-08-03,Thu,4,0,0,Summer,1,1
2026-08-07,2026,Q3,8,Aug,2026-08,2026-08-01,2026-08-03,Fri,5,0,0,Summer,1,1
2026-08-08,2026,Q3,8,Aug,2026-08,2026-08-01,2026-08-03,Sat,6,1,0,Summer,1,1
2026-08-09,2026,Q3,8,Aug,2026-08,2026-08-01,2026-08-03,Sun,7,1,0,Summer,1,1
2026-08-10,2026,Q3,8,Aug,2026-08,2026-08-01,2026-08-10,Mon,1,0,0,Summer,1,1
2026-08-11,2026,Q3,8,Aug,2026-08,2026-08-01,2026-08-10,Tue,2,0,0,Summer,1,1
2026-08-12,2026,Q3,8,Aug,2026-08,2026-08-01,2026-08-10,Wed,3,0,0,Summer,1,1
2026-08-13,2026,Q3,8,Aug,2026-08,2026-08-01,2026-08-10,Thu,4,0,0,Summer,1,1
2026-08-14,2026,Q3,8,Aug,2026-08,2026-08-01,2026-08-10,Fri,5,0,0,Summer,1,1
2026-08-15,2026,Q3,8,Aug,2026-08,2026-08-01,2026-08-10,Sat,6,1,0,Summer,1,1
2026-08-16,2026,Q3,8,Aug,2026-08,2026-08-01,2026-08-10,Sun,7,1,0,Summer,1,1
2026-08-17,2026,Q3,8,Aug,2026-08,2026-08-01,2026-08-17,Mon,1,0,0,Summer,1,1
2026-08-18,2026,Q3,8,Aug,2026-08,2026-08-01,2026-08-17,Tue,2,0,0,Summer,1,1
2026-08-19,2026,Q3,8,Aug,2026-08,2026-08-01,2026-08-17,Wed,3,0,0,Summer,1,1
2026-08-20,2026,Q3,8,Aug,2026-08,2026-08-01,2026-08-17,Thu,4,0,0,Summer,1,1
2026-08-21,2026,Q3,8,Aug,2026-08,2026-08-01,2026-08-17,Fri,5,0,0,Summer,1,1
2026-08-22,2026,Q3,8,Aug,2026-08,2026-08-01,2026-08-17,Sat,6,1,0,Summer,1,1
2026-08-23,2026,Q3,8,Aug,2026-08,2026-08-01,2026-08-17,Sun,7,1,0,Summer,1,1
2026-08-24,2026,Q3,8,Aug,2026-08,2026-08-01,2026-08-24,Mon,1,0,0,Summer,1,1
2026-08-25,2026,Q3,8,Aug,2026-08,2026-08-01,2026-08-24,Tue,2,0,0,Summer,1,1
2026-08-26,2026,Q3,8,Aug,2026-08,2026-08-01,2026-08-24,Wed,3,0,0,Summer,1,1
2026-08-27,2026,Q3,8,Aug,2026-08,2026-08-01,2026-08-24,Thu,4,0,0,Summer,1,1
2026-08-28,2026,Q3,8,Aug,2026-08,2026-08-01,2026-08-24,Fri,5,0,0,Summer,1,1
2026-08-29,2026,Q3,8,Aug,2026-08,2026-08-01,2026-08-24,Sat,6,1,0,Summer,1,1
2026-08-30,2026,Q3,8,Aug,2026-08,2026-08-01,2026-08-24,Sun,7,1,0,Summer,1,1
2026-08-31,2026,Q3,8,Aug,2026-08,2026-08-01,2026-08-31,Mon,1,0,0,Summer,1,1
2026-09-01,2026,Q3,9,Sep,2026-09,2026-09-01,2026-08-31,Tue,2,0,0,Fall,1,1
2026-09-02,2026,Q3,9,Sep,2026-09,2026-09-01,2026-08-31,Wed,3,0,0,Fall,1,1
2026-09-03,2026,Q3,9,Sep,2026-09,2026-09-01,2026-08-31,Thu,4,0,0,Fall,1,1
2026-09-04,2026,Q3,9,Sep,2026-09,2026-09-01,2026-08-31,Fri,5,0,0,Fall,1,1
2026-09-05,2026,Q3,9,Sep,2026-09,2026-09-01,2026-08-31,Sat,6,1,0,Fall,1,1
2026-09-06,2026,Q3,9,Sep,2026-09,2026-09-01,2026-08-31,Sun,7,1,0,Fall,1,1
2026-09-07,2026,Q3,9,Sep,2026-09,2026-09-01,2026-09-07,Mon,1,0,1,Fall,1,1
2026-09-08,2026,Q3,9,Sep,2026-09,2026-09-01,2026-09-07,Tue,2,0,0,Fall,1,1
2026-09-09,2026,Q3,9,Sep,2026-09,2026-09-01,2026-09-07,Wed,3,0,0,Fall,0,1
2026-09-10,2026,Q3,9,Sep,2026-09,2026-09-01,2026-09-07,Thu,4,0,0,Fall,0,1
2026-09-11,2026,Q3,9,Sep,2026-09,2026-09-01,2026-09-07,Fri,5,0,0,Fall,0,1
2026-09-12,2026,Q3,9,Sep,2026-09,2026-09-01,2026-09-07,Sat,6,1,0,Fall,0,1
2026-09-13,2026,Q3,9,Sep,2026-09,2026-09-01,2026-09-07,Sun,7,1,0,Fall,0,1
2026-09-14,2026,Q3,9,Sep,2026-09,2026-09-01,2026-09-14,Mon,1,0,0,Fall,0,1
2026-09-15,2026,Q3,9,Sep,2026-09,2026-09-01,2026-09-14,Tue,2,0,0,Fall,0,1
2026-09-16,2026,Q3,9,Sep,2026-09,2026-09-01,2026-09-14,Wed,3,0,0,Fall,0,1
2026-09-17,2026,Q3,9,Sep,2026-09,2026-09-01,2026-09-14,Thu,4,0,0,Fall,0,1
2026-09-18,2026,Q3,9,Sep,2026-09,2026-09-01,2026-09-14,Fri,5,0,0,Fall,0,1
2026-09-19,2026,Q3,9,Sep,2026-09,2026-09-01,2026-09-14,Sat,6,1,0,Fall,0,1
2026-09-20,2026,Q3,9,Sep,2026-09,2026-09-01,2026-09-14,Sun,7,1,0,Fall,0,1
2026-09-21,2026,Q3,9,Sep,2026-09,2026-09-01,2026-09-21,Mon,1,0,0,Fall,0,1
2026-09-22,2026,Q3,9,Sep,2026-09,2026-09-01,2026-09-21,Tue,2,0,0,Fall,0,1
2026-09-23,2026,Q3,9,Sep,2026-09,2026-09-01,2026-09-21,Wed,3,0,0,Fall,0,1
2026-09-24,2026,Q3,9,Sep,2026-09,2026-09-01,2026-09-21,Thu,4,0,0,Fall,0,1
2026-09-25,2026,Q3,9,Sep,2026-09,2026-09-01,2026-09-21,Fri,5,0,0,Fall,0,1
2026-09-26,2026,Q3,9,Sep,2026-09,2026-09-01,2026-09-21,Sat,6,1,0,Fall,0,1
2026-09-27,2026,Q3,9,Sep,2026-09,2026-09-01,2026-09-21,Sun,7,1,0,Fall,0,1
2026-09-28,2026,Q3,9,Sep,2026-09,2026-09-01,2026-09-28,Mon,1,0,0,Fall,0,1
2026-09-29,2026,Q3,9,Sep,2026-09,2026-09-01,2026-09-28,Tue,2,0,0,Fall,0,1
2026-09-30,2026,Q3,9,Sep,2026-09,2026-09-01,2026-09-28,Wed,3,0,0,Fall,0,1
2026-10-01,2026,Q4,10,Oct,2026-10,2026-10-01,2026-09-28,Thu,4,0,0,Fall,0,0
2026-10-02,2026,Q4,10,Oct,2026-10,2026-10-01,2026-09-28,Fri,5,0,0,Fall,0,0
2026-10-03,2026,Q4,10,Oct,2026-10,2026-10-01,2026-09-28,Sat,6,1,0,Fall,0,0
2026-10-04,2026,Q4,10,Oct,2026-10,2026-10-01,2026-09-28,Sun,7,1,0,Fall,0,0
2026-10-05,2026,Q4,10,Oct,2026-10,2026-10-01,2026-10-05,Mon,1,0,0,Fall,0,0
2026-10-06,2026,Q4,10,Oct,2026-10,2026-10-01,2026-10-05,Tue,2,0,0,Fall,0,0
2026-10-07,2026,Q4,10,Oct,2026-10,2026-10-01,2026-10-05,Wed,3,0,0,Fall,0,0
2026-10-08,2026,Q4,10,Oct,2026-10,2026-10-01,2026-10-05,Thu,4,0,0,Fall,0,0
