ZIP,Borough,Latitude,Longitude
10001,Manhattan,40.74965725327792,-73.99523953613242
10002,Manhattan,40.71828929235526,-73.98879597867962
10003,Manhattan,40.73196398139968,-73.98862663515501
10004,Manhattan,40.70478511677803,-74.01316433436362
10005,Manhattan,40.70615510839452,-74.00898782924527
10006,Manhattan,40.70809834255448,-74.01301750616958
10007,Manhattan,40.71311598988219,-74.00916241176127
10009,Manhattan,40.7262114385672,-73.98098598390919
10010,Manhattan,40.74028861204497,-73.98428463143762
10011,Manhattan,40.741553369024686,-73.99872988038491
10012,Manhattan,40.72520697786439,-73.99832601337529
10013,Manhattan,40.7190037315301,-74.00253965182752
10014,Manhattan,40.73387901129356,-74.00471408678794
10016,Manhattan,40.74450163201782,-73.97965081002563
10017,Manhattan,40.752413610675575,-73.97376518280257
10018,Manhattan,40.75537993877186,-73.9934486567759
10019,Manhattan,40.76436837147491,-73.98503376979151
10020,Manhattan,40.759032513680204,-73.98017184508144
10021,Manhattan,40.76964105429754,-73.95846903663032
10022,Manhattan,40.758832198977565,-73.9683380281659
10023,Manhattan,40.77642216641494,-73.98114765544662
10024,Manhattan,40.78691177736751,-73.97452271419073
10025,Manhattan,40.79788748296047,-73.96773267793834
10026,Manhattan,40.8024307423435,-73.95341991741957
10027,Manhattan,40.81090665647386,-73.95105056162471
10028,Manhattan,40.77707350079739,-73.95443936091556
10029,Manhattan,40.79359675820053,-73.94486601500368
10030,Manhattan,40.818223692018165,-73.94272957353319
10031,Manhattan,40.82476925652568,-73.94968907717427
10032,Manhattan,40.83666498864992,-73.94114218464378
10033,Manhattan,40.84960285940338,-73.93571596076106
10034,Manhattan,40.86669957350821,-73.922220513632
10035,Manhattan,40.80123539974719,-73.93733121057906
10036,Manhattan,40.75958119745315,-73.99019293432467
10037,Manhattan,40.81300196427476,-73.9376453944693
10038,Manhattan,40.70974957498515,-74.0055941484599
10039,Manhattan,40.82387157504691,-73.93828356816849
10040,Manhattan,40.85811381176047,-73.92939652895735
10041,Manhattan,40.70360806812505,-74.0096910610565
10044,Manhattan,40.76232416849643,-73.9495021319999
10045,Manhattan,40.70896041568042,-74.00889111057465
10048,Manhattan,40.71373033089551,-74.01384080696594
10055,Manhattan,40.758827259404654,-73.97397812540525
10065,Manhattan,40.76476130022556,-73.96263929642892
10069,Manhattan,40.77726883140132,-73.98891534495534
10075,Manhattan,40.77257345949312,-73.95477707207547
10080,Manhattan,40.710568604979805,-74.01167593614304
10103,Manhattan,40.76014260706115,-73.97686176867951
10104,Manhattan,40.76061527204023,-73.97989378117498
10105,Manhattan,40.75941634711902,-73.98278553207248
10106,Manhattan,40.765049489389966,-73.98039061901186
10107,Manhattan,40.76639057686906,-73.98211943675079
10110,Manhattan,40.7535422282598,-73.98085600338304
10111,Manhattan,40.75920419108806,-73.9783348350052
10112,Manhattan,40.75875411971916,-73.97869233509232
10115,Manhattan,40.8111008206273,-73.96416788732337
10118,Manhattan,40.74827563149928,-73.98469034437947
10119,Manhattan,40.7510980324787,-73.99292593205266
10120,Manhattan,40.75005054681458,-73.98842361418684
10121,Manhattan,40.75006595421169,-73.9921067617765
10122,Manhattan,40.75148221984461,-73.9917637162437
10123,Manhattan,40.75135859788183,-73.99036695856118
10128,Manhattan,40.781150266150114,-73.94931698727281
10151,Manhattan,40.76332582947217,-73.97369479710342
10152,Manhattan,40.75869799908734,-73.97286280013715
10153,Manhattan,40.76402013271872,-73.97318913426022
10154,Manhattan,40.75817109769819,-73.97324563258901
10155,Manhattan,40.7614031221825,-73.9681942563908
10158,Manhattan,40.749075548327966,-73.97568182484197
10162,Manhattan,40.769974489179866,-73.95118592429507
10165,Manhattan,40.75241094852358,-73.97834787224373
10166,Manhattan,40.75325892389206,-73.97671643892355
10167,Manhattan,40.75482579364242,-73.97568333502217
10168,Manhattan,40.75144159778515,-73.97604910329608
10169,Manhattan,40.75450745921105,-73.97595054706579
10170,Manhattan,40.7522621540305,-73.97546410466086
10171,Manhattan,40.75645591557144,-73.9744952115434
10172,Manhattan,40.7553005625042,-73.97534387376678
10173,Manhattan,40.7538684399276,-73.97851342945145
10174,Manhattan,40.75182305720897,-73.97576022552585
10175,Manhattan,40.75430516900394,-73.98027106258478
10176,Manhattan,40.75561699027863,-73.97931777574443
10177,Manhattan,40.75501790139643,-73.9755677631059
10178,Manhattan,40.75099194006214,-73.9784854835433
10179,Manhattan,40.75581967502995,-73.97706540086062
10271,Manhattan,40.7085457773598,-74.0110407648935
10275,Manhattan,40.70590232198281,-74.01337751492022
10278,Manhattan,40.71523516452979,-74.00534238223423
10279,Manhattan,40.71226518964026,-74.00789236901102
10280,Manhattan,40.7090967335261,-74.01710412938712
10281,Manhattan,40.71444650309681,-74.01567274628705
10282,Manhattan,40.716219674120126,-74.01538156372602
10301,Staten Island,40.637557873383486,-74.08738405578745
10302,Staten Island,40.632735951510625,-74.1367655800499
10303,Staten Island,40.63163173845162,-74.16040344275298
10304,Staten Island,40.61575212737598,-74.08401708146663
10305,Staten Island,40.597223920266224,-74.07385677413635
10306,Staten Island,40.56877901310027,-74.11187146210581
10307,Staten Island,40.50923408218023,-74.24354901711612
10308,Staten Island,40.551960674499895,-74.1508822748736
10309,Staten Island,40.53426836638362,-74.21386854155531
10310,Staten Island,40.63293914966075,-74.1169600293743
10312,Staten Island,40.54675215874762,-74.17890915350506
10314,Staten Island,40.6055936558937,-74.14954445343776
10451,Bronx,40.823693973150526,-73.92183835008971
10452,Bronx,40.83694436281588,-73.9229030699319
10453,Bronx,40.85148909002213,-73.9113354667264
10454,Bronx,40.808093689445215,-73.91914254011229
10455,Bronx,40.8148077988588,-73.9081385356089
10456,Bronx,40.83261302416413,-73.90747668125874
10457,Bronx,40.84825562757735,-73.90010034716846
10458,Bronx,40.86185596862423,-73.88965020680602
10459,Bronx,40.82526062376719,-73.89428097771565
10460,Bronx,40.839696981673725,-73.88301516049316
10461,Bronx,40.84709921776237,-73.83700416176403
10462,Bronx,40.844968298182685,-73.8617662558325
10463,Bronx,40.880347037810935,-73.9050717742773
10464,Bronx,40.8510509659764,-73.78846704730488
10465,Bronx,40.82668377941908,-73.8204620231679
10466,Bronx,40.89187241649303,-73.86016845296459
10467,Bronx,40.875896255607486,-73.87013039162801
10468,Bronx,40.866591963493335,-73.90062182502744
10469,Bronx,40.87226549633177,-73.85041753858353
10470,Bronx,40.90041452597837,-73.85792336887489
10471,Bronx,40.90342728972385,-73.90038451757867
10472,Bronx,40.829420420873035,-73.8748781511263
10473,Bronx,40.819332454936095,-73.8588390363809
10474,Bronx,40.815098888194186,-73.88741629434003
10475,Bronx,40.878305031663054,-73.82742934822207
11001,Queens,40.73316276181127,-73.70835976416545
11003,Unspecified,40.62498019201173,-73.91808620090302
11004,Queens,40.74369540289544,-73.71184599759323
11005,Queens,40.75928245751228,-73.71349338273272
11010,Unspecified,,
11021,Queens,40.775719864593576,-73.73919133125304
11023,Unspecified,,
11040,Queens,40.750589736854735,-73.70383178544837
11096,Unspecified,,
11101,Queens,40.74619526443481,-73.9453240416945
11102,Queens,40.7718503646899,-73.92567160851341
11103,Queens,40.76459406452504,-73.91559304356464
11104,Queens,40.74459998646408,-73.92182389386889
11105,Queens,40.77586112669968,-73.91000564656406
11106,Queens,40.76211780816837,-73.9288032967727
11109,Queens,40.74564743800411,-73.95681024747321
11111,Unspecified,40.70865856538307,-74.00798211500157
11201,Brooklyn,40.69544706314867,-73.9885870428106
11203,Brooklyn,40.65214707335674,-73.93596354701155
11204,Brooklyn,40.61556132499245,-73.98508059190287
11205,Brooklyn,40.693069938041035,-73.96395780606423
11206,Brooklyn,40.70063213320425,-73.94227361480347
11207,Brooklyn,40.6717803995972,-73.89355943695773
11208,Brooklyn,40.67710808589443,-73.87225039565261
11209,Brooklyn,40.62625596620696,-74.02966617941425
11210,Brooklyn,40.632189040681176,-73.9462025546951
11211,Brooklyn,40.71266687377183,-73.95323049919047
11212,Brooklyn,40.66183331534403,-73.91531111974714
11213,Brooklyn,40.67054569821594,-73.93486607154975
11214,Brooklyn,40.604259664926055,-73.99930667167864
11215,Brooklyn,40.66790121264241,-73.9844520397233
11216,Brooklyn,40.680592159308176,-73.95008402987754
11217,Brooklyn,40.682868001833405,-73.97927869972376
11218,Brooklyn,40.641627860602014,-73.97450276125075
11219,Brooklyn,40.63375645678902,-73.9964517477486
11220,Brooklyn,40.64065107627654,-74.01346491922456
11221,Brooklyn,40.69104648446796,-73.92754478735027
11222,Brooklyn,40.72699247279165,-73.95298167828521
11223,Brooklyn,40.59928351944197,-73.97360060105264
11224,Brooklyn,40.57680756276757,-73.98988481977605
11225,Brooklyn,40.6628972162775,-73.95474619728023
11226,Brooklyn,40.64889568903089,-73.9574185174938
11228,Brooklyn,40.61905522623143,-74.01119299699577
11229,Brooklyn,40.60127113940098,-73.95065695433019
11230,Brooklyn,40.62438765187749,-73.9642937005042
11231,Brooklyn,40.67995105188753,-74.00030286766025
11232,Brooklyn,40.65294816767021,-74.00035322061336
11233,Brooklyn,40.67881273383474,-73.91889336250462
11234,Brooklyn,40.61944926867961,-73.92448814937578
11235,Brooklyn,40.58419050491946,-73.95551268654255
11236,Brooklyn,40.64033456903554,-73.90540361470192
11237,Brooklyn,40.70200701229759,-73.92002361019321
11238,Brooklyn,40.67845765403137,-73.96316292851029
11239,Brooklyn,40.65506518383808,-73.87323985668276
11241,Brooklyn,40.69344421872563,-73.99057726746152
11242,Brooklyn,40.69324385737595,-73.990660235769
11249,Brooklyn,40.71483465118751,-73.96330636531192
11251,Brooklyn,40.70092915878042,-73.96377600513568
11354,Queens,40.76544717319869,-73.82682271668196
11355,Queens,40.75413813380377,-73.82290960839394
11356,Queens,40.78532628319753,-73.84547144833196
11357,Queens,40.78417886105567,-73.81238044288546
11358,Queens,40.75966418908415,-73.79807182819292
11359,Queens,40.79080292006661,-73.77890081015126
11360,Queens,40.78191853682074,-73.78124690249686
11361,Queens,40.76307088157082,-73.77304459072843
11362,Queens,40.76146291317227,-73.73402409321142
11363,Queens,40.770367528493445,-73.74528263372054
11364,Queens,40.74722896762427,-73.75719731925227
11365,Queens,40.73617839690233,-73.80005666976768
11366,Queens,40.72195913199264,-73.80969682426189
11367,Queens,40.727651801278654,-73.81908186170136
11368,Queens,40.74867764839148,-73.86129684064832
11369,Queens,40.76295641759248,-73.87507564511615
11370,Queens,40.76073553985252,-73.89008790104178
11371,Queens,40.77204826368212,-73.88597740080706
11372,Queens,40.75152146508015,-73.88516853213784
11373,Queens,40.74264436114921,-73.87808265461202
11374,Queens,40.72692183666251,-73.85910149231177
11375,Queens,40.72154524559446,-73.84843058702751
11377,Queens,40.74450372207337,-73.90420145946602
11378,Queens,40.72461893395059,-73.90128293892192
11379,Queens,40.717586865277504,-73.87959529432905
11385,Queens,40.70352629859714,-73.89789997842257
11411,Queens,40.6946254659269,-73.73792566083951
11412,Queens,40.69819104868232,-73.75868820032622
11413,Queens,40.67260673335926,-73.75153311083973
11414,Queens,40.66305973505618,-73.84571104575127
11415,Queens,40.70686249032002,-73.83098135665483
11416,Queens,40.684336046930255,-73.85036696701742
11417,Queens,40.6781215450257,-73.84210447809329
11418,Queens,40.69821859009959,-73.8354898121072
11419,Queens,40.68787736010732,-73.82374877236785
11420,Queens,40.676027020138925,-73.81572216254679
11421,Queens,40.69199573575178,-73.8609961989286
11422,Queens,40.65972761815679,-73.73521418429293
11423,Queens,40.71337232149535,-73.76802446320936
11426,Queens,40.73128454891147,-73.72249558224175
11427,Queens,40.728023209121496,-73.75042578038692
11428,Queens,40.71997766429208,-73.74144194891373
11429,Queens,40.71151468810091,-73.74123955789952
11430,Queens,40.64832048620134,-73.78828125130184
11432,Queens,40.71249461345563,-73.79802193191954
11433,Queens,40.696479580448376,-73.79154793974988
11434,Queens,40.67882588891018,-73.77672973634533
11435,Queens,40.70158613149175,-73.80859066256922
11436,Queens,40.67633823607771,-73.79615173354547
11516,Unspecified,,
11520,Unspecified,,
11542,Unspecified,,
11552,Unspecified,,
11553,Unspecified,,
11557,Unspecified,,
11560,Unspecified,,
11563,Unspecified,,
11575,Unspecified,,
11576,Unspecified,,
11580,Unspecified,,
11590,Unspecified,,
11596,Unspecified,,
11598,Unspecified,,
11691,Queens,40.601062540127145,-73.75478031187548
11692,Queens,40.592416628855744,-73.79409070588265
11693,Queens,40.58730559590931,-73.81415593825768
11694,Queens,40.579124790193184,-73.8390219632518
11695,Queens,40.562738262255415,-73.88822092244862
11697,Queens,40.56515408934974,-73.89257493401193
Unknown,Unspecified,,
